Plane,Name,Meal,Row,Seat
9002,Frost,pasta,4,2
9002,Eckstrom,special,8,1
9004,Wurfbaum,chicken,2,4
9004,Triantafillou,chicken,15,2
9004,McMahon,chicken,7,5
9003,Esposito,pasta,3,3
9005,Keating,pasta,2,5
9010,Pazer,special,3,4
9010,Lewis,special,5,5
9010,Millerick,pasta,13,4
9029,Kelly,pasta,30,5
9029,Hellrigel,pasta,12,5
9002,Lombardi,chicken,24,3
9013,Byers,chicken,31,5
9013,Souza,chicken,6,4
9012,Weber,chicken,1,1
9014,Yepez,pasta,6,3
9014,Feinberg,pasta,23,3
9015,Clouse,chicken,12,3
9016,Herrington,pasta,21,5
9016,Goff,pasta,21,2
9017,McKenna,special,12,3
9017,Droher,chicken,25,4
9017,Malwitz,chicken,6,4
9006,Masciotti,special,5,2
9006,Souza,chicken,10,1
9028,Nieto,pasta,12,2
9020,Brian,chicken,13,5
9007,Manfro,pasta,19,2
9009,Nyland,pasta,15,5
9008,Parshenov,chicken,16,1
9011,Wool,pasta,24,4
9011,Schellong,pasta,15,1
9013,Ureta,special,8,3
9013,Johnson,chicken,19,1
9013,Philbin,chicken,17,3
9019,Mickool,chicken,21,5
9018,Batterton,pasta,3,2
9018,Gonzalez,pasta,19,1
9028,In,special,30,1
9027,Sulli,special,3,2
9027,Mitchell,pasta,32,4
9021,Murtaugh,pasta,1,2
9021,Veno,pasta,24,2
9021,Boscia,chicken,15,3
9026,Black,chicken,16,1
9026,Critzman,chicken,16,2
9022,Friedman,chicken,18,5
9023,Guzinski,pasta,21,1
9025,Pittala,pasta,2,3
9024,Rowella,chicken,12,4
9002,Hill,pasta,14,3
9002,Peters,pasta,21,1
9004,Homiak,special,23,2
9004,McVeigh,chicken,16,1
9004,Waite,chicken,8,4
9003,Guasti,special,25,2
9005,Kessler,chicken,18,2
9010,Mauro,pasta,31,5
9010,Tuccio,chicken,16,3
9010,Buttrick,pasta,17,3
9029,Latorre,pasta,31,2
9029,Kim,chicken,23,4
9002,Lee,pasta,5,2
9013,Romoser,pasta,29,1
9013,Knupp,special,23,5
9012,Messenkopf,chicken,4,2
9014,Freeburg,chicken,29,3
9014,Horton,chicken,29,5
9015,Wisher,pasta,27,3
9016,Grossman,pasta,28,3
9016,Kile,special,28,3
9017,Krakowiak,special,20,4
9017,Wolfarth,pasta,28,1
9017,Maher,pasta,20,4
9006,Scheer,pasta,27,5
9006,Belardinelli,chicken,29,3
9028,Ifert-Miller,chicken,31,5
9020,Karlson,chicken,9,4
9007,Kirsch,chicken,7,5
9009,Parker,pasta,15,3
9008,Tan,pasta,13,2
9011,Liontonia,chicken,1,4
9011,Quick,pasta,7,2
9013,Russo,pasta,12,4
9013,Caviola,special,11,4
9013,Hagele,chicken,21,5
9019,Jackson,chicken,31,3
9018,Casolo,special,10,1
9018,Kapp,chicken,21,5
9028,Moussavi,pasta,23,1
9027,Perrault,chicken,25,3
9027,Mellinger,pasta,26,5
9021,Nesbitt,pasta,1,2
9021,Rossini,chicken,17,3
9021,Bunt,pasta,30,3
9026,Norrison,pasta,16,4
9026,Parks,special,29,1
9022,Lobelson,chicken,7,3
9023,McGrath,chicken,28,5
9025,Li Puma,chicken,26,4
9024,Palmares,pasta,26,4
9002,Santisi,pasta,26,5
9002,Culhane,special,26,4
9004,Franco,special,23,3
9004,Heissan,pasta,5,5
9004,Heiser,pasta,32,2
9003,Keisling,pasta,27,3
9005,Ciotti,chicken,17,3
9010,Barrett,chicken,28,1
9010,Facini,chicken,27,4
9010,Misciagna,chicken,32,2
9029,Monaco,pasta,7,5
9029,Palmer,pasta,6,3
9002,Yodice,chicken,8,1
9013,Savino,pasta,25,5
9013,Inman,pasta,8,1
9012,Mangone,special,25,4
9014,Molwitz,chicken,23,4
9014,Shafer,chicken,22,4
9015,Trainor,special,24,1
9016,Djamjian,chicken,24,3
9016,Owczarzak,pasta,12,3
9017,Mazzilli,chicken,12,4
9017,Strayer,pasta,23,3
9017,Vollen,pasta,4,1
9006,Iuzzini,chicken,17,1
9006,Llanos,pasta,8,2
9028,Hubler,pasta,13,5
9020,Maguire,special,19,2
9007,Redmond,chicken,19,5
9009,Schibli,chicken,16,1
9008,Bailas,chicken,27,4
9011,Ehinger,pasta,20,1
9011,Lodigiani,pasta,24,4
9013,Biglin,special,28,1
9013,Clark,special,7,5
9013,Failla,pasta,1,5
9019,Galloway,pasta,18,2
9018,Cugine,pasta,17,1
9018,Sigg,chicken,7,5
9028,Ascenzi,chicken,30,3
9027,Heinke,chicken,12,5
9027,Walsh,chicken,32,3
9021,Cucinell,pasta,18,2
9021,deLeon,pasta,27,5
9021,Ogden,chicken,15,5
9026,Curnan,pasta,4,3
9026,Palmiotto,pasta,12,1
9022,Jones,special,4,1
9023,Westington,chicken,4,2
9025,Kapp,chicken,26,4
9024,Farmer,special,17,5
9002,Guider,chicken,19,5
9002,Soyak,pasta,12,4
9004,Jones,chicken,21,3
9004,Logan,pasta,3,1
9004,Salamon,pasta,31,5
9003,Haynes,chicken,1,2
9005,Harrington,pasta,2,1
9010,Sanchez,pasta,5,5
9010,Geitz,special,15,4
9010,Hashemian,chicken,17,5
9029,Johnson,chicken,30,2
9029,Johanson,chicken,30,1
9002,Rostow,pasta,23,1
9013,Scammon,pasta,8,1
9013,Strassfield,special,27,3
9012,Pollack,special,27,4
9014,Bedard,pasta,8,4
9014,O'Neaill,pasta,25,4
9015,Balsamo,pasta,18,5
9016,McGuire,chicken,17,1
9016,Trevisani,chicken,1,1
9017,Rivas,chicken,16,4
9017,McKeown,chicken,7,3
9017,Kay,pasta,14,4
9006,Owczarzak,pasta,2,2
9006,Welton,chicken,25,3
9028,Heinzmann,pasta,14,2
9020,Janasek,pasta,22,1
9007,Hamilton,special,27,1
9009,Donnelly,chicken,17,4
9008,Doyle,chicken,5,4
9011,Ghidossi,special,16,4
9011,Mazur,chicken,19,1
9013,Rhea,pasta,16,3
9013,Rodamar,chicken,19,2
9013,Walsh,pasta,5,4
9019,Bova,pasta,22,3
9018,Soyak,chicken,11,3
9018,Antunes,pasta,25,4
9028,Masi,pasta,5,4
9027,Mose,special,10,1
9027,Nadel,chicken,29,5
9021,Hernandez,chicken,12,3
9021,Moreyn,chicken,6,2
9021,Altamiranda,pasta,28,2
9026,Maiolo,pasta,8,2
9026,Guerra,special,12,3
9022,Gunthner,special,18,2
9023,Trozzi,pasta,10,5
9025,Riley,pasta,17,4
9024,Bentivegna,pasta,26,1
9002,Brassinga,chicken,26,3
9002,Scribner,chicken,31,3
9004,Brewster,chicken,3,2
9004,Carruthers,chicken,25,5
9004,Andrews,pasta,28,4
9003,Carlson,pasta,7,1
9005,Goldsmith,chicken,28,1
9010,Hamiliton,pasta,13,1
9010,Heft,pasta,18,4
9010,Witte,special,2,2
9029,Duddy II,chicken,14,2
9029,D'Agostino,chicken,10,2
9002,McCarthy,special,2,4
9013,Purvis,chicken,6,4
9013,Trillo,pasta,2,3
9012,Jesuthasan,chicken,5,1
9014,Brank,pasta,32,1
9014,Strong,pasta,5,3
9015,Wishna,chicken,29,5
9016,Spanos,pasta,22,2
9016,Marrone,pasta,8,5
9017,Beauregard,special,18,3
9017,Jackson,chicken,22,3
9017,Frawt,chicken,4,4
9006,ickwtram,chicken,24,5
9006,Wurfbaum,pasta,27,1
9028,Triantafillau,pasta,10,1
9020,McMahan,special,4,2
9007,iwpawita,special,11,4
9009,Kiating,pasta,26,2
9008,Pazir,pasta,3,2
9011,Liwiw,pasta,3,5
9011,Millirick,chicken,19,3
9013,Killy,chicken,22,3
9013,Hillrigil,chicken,32,2
9013,Lambardi,chicken,19,1
9019,Byirw,pasta,20,4
9018,wauza,pasta,6,3
9018,Wibir,chicken,10,3
9028,Yipiz,pasta,24,4
9027,Fiinbirg,pasta,13,2
9027,Clauwi,special,15,4
9021,Hirringtan,chicken,14,5
9021,Gaff,chicken,32,4
9021,McKinna,special,12,2
9026,Drahir,chicken,19,1
9026,Malwitz,pasta,26,1
9022,Mawciatti,chicken,16,4
9023,wauza,pasta,1,1
9025,Niita,pasta,5,5
9024,Brian,chicken,22,4
9002,Manfra,pasta,14,1
9002,Nyland,pasta,11,1
9004,Parwhinav,special,21,1
9004,Waal,chicken,8,2
9004,wchillang,chicken,21,3
9003,Urita,chicken,7,2
9005,Jahnwan,pasta,10,2
9010,Philbin,pasta,13,5
9010,Mickaal,special,23,5
9010,Battirtan,special,25,2
9029,Ganzaliz,pasta,26,5
9029,In,pasta,28,2
9002,wulli,pasta,5,3
9013,Mitchill,chicken,9,5
9013,Murtaugh,chicken,24,4
9012,Vina,chicken,28,4
9014,Bawcia,chicken,3,3
9014,Black,pasta,25,1
9015,Critzman,pasta,12,2
9016,Friidman,chicken,13,2
9016,Guzinwki,pasta,17,4
9017,Pittala,pasta,31,2
9017,Rawilla,special,11,1
9017,Hill,chicken,24,3
9006,Pitirw,chicken,15,4
9006,Hamiak,special,16,3
9028,McViigh,chicken,26,1
9020,Waiti,pasta,12,1
9007,Guawti,chicken,30,5
9009,Kiwwlir,pasta,15,2
9008,Maura,pasta,20,3
9011,Tuccia,chicken,9,4
9011,Buttrick,pasta,5,2
9013,Latarri,pasta,28,4
9013,Kim,special,20,4
9013,Lii,chicken,25,4
9019,Ramawir,chicken,11,2
9018,Knupp,chicken,16,3
9018,Miwwinkapf,pasta,12,2
9028,Friiburg,pasta,11,3
9027,Hartan,special,11,5
9027,Wiwhir,special,32,1
9021,Grawwman,pasta,8,5
9021,Kili,pasta,5,3
9021,Krakawiak,pasta,29,2
9026,Walfarth,chicken,7,2
9026,Mahir,chicken,13,3
9022,wchiir,chicken,15,1
9023,Bilardinilli,chicken,11,2
9025,Ifirt-Millir,pasta,19,5
9024,Karlwan,pasta,8,1
9002,Kirwch,chicken,26,2
9002,Parkir,pasta,26,1
9004,Tan,pasta,21,5
9004,Liantania,special,18,5
9004,Quick,chicken,10,5
9003,Ruwwa,chicken,2,5
9005,Caviala,special,29,2
9010,Hagili,chicken,18,4
9010,Jackwan,pasta,4,4
9010,Cawala,chicken,23,2
9029,Kapp,pasta,13,4
9029,Mauwwavi,pasta,27,3
9002,Pirrault,chicken,23,3
9013,Millingir,pasta,21,3
9013,Niwbitt,pasta,18,1
9012,Rawwini,special,21,3
9014,Bunt,chicken,9,4
9014,Narriwan,chicken,24,1
9015,Parkw,chicken,12,1
9016,Labilwan,pasta,26,3
9016,McGrath,pasta,27,3
9017,Li Puma,special,14,5
9017,Palmariw,special,24,4
9017,wantiwi,pasta,20,5
9006,Culhani,pasta,15,4
9006,Franca,pasta,1,5
9028,Hiiwwan,chicken,9,1
9020,Hiiwir,chicken,13,4
9007,Kiiwling,chicken,18,1
9009,Ciatti,chicken,28,1
9008,Barritt,pasta,21,4
9011,Facini,pasta,31,2
9011,Miwciagna,chicken,26,5
9013,Manaca,pasta,9,3
9013,Palmir,pasta,1,1
9013,Yadici,special,12,5
9019,wavina,chicken,20,5
9018,Inman,chicken,19,2
9018,Mangani,special,27,1
9028,Malwitz,chicken,26,3
9027,whafir,pasta,26,5
9027,Trainar,chicken,5,1
9021,Djamjian,pasta,7,3
9021,awczarzak,pasta,14,1
9021,Mazzilli,chicken,15,5
9026,wtrayir,pasta,23,2
9026,Vallin,pasta,28,4
9022,Iuzzini,special,13,4
9023,Llanaw,chicken,6,3
9025,Hublir,chicken,8,1
9024,Maguiri,chicken,19,4
9002,Ridmand,pasta,19,1
9002,wchibli,pasta,4,2
9004,Bailaw,special,14,1
9004,ihingir,special,6,5
9004,Ladigiani,pasta,4,1
9003,Biglin,pasta,28,2
9005,Clark,pasta,14,4
9010,Failla,chicken,6,2
9010,Gallaway,chicken,32,4
9010,Cugini,chicken,30,4
9029,wigg,chicken,1,1
9029,Awcinzi,pasta,15,1
9002,Hiinki,pasta,12,3
9013,Walwh,chicken,6,4
9013,Cucinill,pasta,8,5
9012,diLian,pasta,1,4
9014,agdin,special,14,1
9014,Curnan,chicken,5,3
9015,Palmiatta,chicken,8,2
9016,Janiw,special,7,4
9016,Wiwtingtan,chicken,7,1
9017,Kapp,pasta,11,2
9017,Farmir,chicken,11,3
9017,Guidir,pasta,17,2
9006,wayak,pasta,20,3
9006,Janiw,chicken,20,3
9028,Lagan,pasta,1,2
9020,walaman,pasta,27,5
9007,Hayniw,special,26,4
9009,Harringtan,chicken,1,1
9008,wanchiz,chicken,23,5
9011,Giitz,chicken,30,4
9011,Hawhimian,pasta,17,4
9013,Jahnwan,pasta,15,5
9013,Jahanwan,special,8,5
9013,Rawtaw,special,5,5
9019,wcamman,pasta,11,3
9018,wtrawwfiild,pasta,26,3
9018,Pallack,pasta,14,3
9028,Bidard,chicken,1,4
9027,a'Niaill,chicken,23,2
9027,Balwama,chicken,19,3
9021,McGuiri,chicken,20,5
9021,Triviwani,pasta,4,3
9021,Rivaw,pasta,21,3
9026,McKiawn,chicken,23,3
9026,Kay,pasta,3,1
9022,awczarzak,pasta,4,5
9023,Wiltan,special,22,2
9025,Hiinzmann,chicken,18,2
9024,Janawik,chicken,7,5
9002,Hamiltan,special,24,1
9002,Dannilly,chicken,15,4
9004,Dayli,pasta,29,4
9004,Ghidawwi,chicken,18,5
9004,Mazur,pasta,6,2
9003,Rhia,pasta,21,1
9005,Radamar,chicken,10,1
9010,Walwh,pasta,30,3
9010,Bava,pasta,31,3
9010,wayak,special,14,3
9029,Antuniw,chicken,19,3
9029,Mawi,chicken,4,2
9002,Mawi,chicken,21,4
9013,Nadil,pasta,9,1
9013,Hirnandiz,pasta,30,2
9012,Mariyn,special,21,4
9014,Altamiranda,special,19,1
9014,Maiala,pasta,13,4
9015,Guirra,pasta,25,4
9016,Gunthnir,pasta,6,5
9016,Trazzi,chicken,28,2
9017,Riliy,chicken,7,1
9017,Bintivigna,chicken,8,3
9017,Brawwinga,chicken,31,5
9006,wcribnir,pasta,29,3
9006,Briwwtir,pasta,9,4
9028,Carruthirw,chicken,2,3
9020,Andriww,pasta,7,4
9007,Carlwan,pasta,7,3
9009,Galdwmith,special,23,3
9008,Hamilitan,chicken,7,4
9011,Hift,chicken,9,5
9011,Witti,special,5,4
9013,Duddy II,chicken,4,1
9013,D'Agawtina,pasta,2,2
9013,McCarthy,chicken,11,4
9019,Purviw,pasta,7,1
9018,Trilla,pasta,1,5
9018,Jiwuthawan,chicken,5,4
9028,Brank,pasta,9,4
9027,wtrang,pasta,17,3
9027,Wiwhna,special,11,5
9021,wpanaw,chicken,11,1
9021,Marrani,chicken,4,2
9021,Biaurigard,chicken,31,5
9026,Jackwan,pasta,31,1
9026,Faosy,pasta,26,1
9022,Ecksyaon,special,28,4
9023,Wuafbaun,special,27,5
9025,yaianyafillou,pasta,1,4
9024,ncnahon,pasta,26,3
9002,Esposiyo,pasta,28,1
9002,Keaying,chicken,13,1
9004,Pazea,chicken,18,2
9004,Lewis,chicken,19,2
9004,nilleaick,chicken,13,1
9003,Kelly,pasta,25,5
9005,Hellaigel,pasta,1,5
9010,Lonbaadi,chicken,12,2
9010,Byeas,pasta,11,3
9010,Souza,pasta,24,3
9029,Webea,special,19,1
9029,Yepez,chicken,24,4
9002,Feinbeag,chicken,13,1
9013,Clouse,special,10,5
9013,Heaaingyon,chicken,28,1
9012,Goff,pasta,3,5
9014,ncKenna,chicken,29,5
9014,Daohea,pasta,9,5
9015,nalwiyz,pasta,18,5
9016,nascioyyi,chicken,8,5
9016,Souza,pasta,24,1
9017,Nieyo,pasta,5,5
9017,Baian,special,19,3
9017,nanfao,chicken,5,5
9006,Nyland,chicken,20,5
9006,Paashenov,chicken,2,3
9028,Wool,pasta,30,2
9020,Schellong,pasta,29,2
9007,Uaeya,special,28,4
9009,Johnson,special,30,5
9008,Philbin,pasta,8,2
9011,nickool,pasta,5,4
9011,Bayyeayon,pasta,9,2
9013,Gonzalez,chicken,20,3
9013,In,chicken,20,1
9013,Sulli,chicken,22,4
9019,niychell,chicken,3,4
9018,nuayaugh,pasta,13,1
9018,Veno,pasta,8,2
9028,Boscia,chicken,25,1
9027,Black,pasta,5,5
9027,Caiyznan,pasta,2,2
9021,Faiednan,special,30,3
9021,Guzinski,chicken,6,5
9021,Piyyala,chicken,23,4
9026,aowella,special,27,4
9026,Hill,chicken,22,2
9022,Peyeas,pasta,2,2
9023,Honiak,chicken,31,5
9025,ncVeigh,pasta,23,3
9024,Waiye,pasta,16,4
9002,Guasyi,chicken,9,1
9002,Kesslea,pasta,21,1
9004,nauao,pasta,12,2
9004,yuccio,special,22,2
9004,Buyyaick,chicken,5,1
9003,Layoaae,chicken,16,5
9005,Kin,chicken,8,4
9010,Lee,pasta,3,1
9010,aonosea,pasta,2,3
9010,Knupp,special,6,5
9029,nessenkopf,special,20,3
9029,Faeebuag,pasta,10,1
9002,Hoayon,pasta,31,3
9013,Wishea,pasta,4,2
9013,Gaossnan,chicken,31,1
9012,Kile,chicken,14,3
9014,Kaakowiak,chicken,19,5
9014,Wolfaayh,chicken,4,2
9015,nahea,pasta,11,2
9016,Scheea,pasta,23,1
9016,Belaadinelli,chicken,14,3
9017,Ifeay-nillea,pasta,23,4
9017,Kaalson,pasta,23,5
9017,Kiasch,special,25,5
9006,Paakea,chicken,5,1
9006,yan,chicken,13,5
9028,Lionyonia,special,2,1
9020,Quick,chicken,18,1
9007,ausso,pasta,12,4
9009,Caviola,chicken,3,3
9008,Hagele,pasta,22,5
9011,Jackson,pasta,31,3
9011,Casolo,chicken,30,4
9013,Kapp,pasta,20,2
9013,noussavi,pasta,9,1
9013,Peaaauly,special,18,1
9019,nellingea,chicken,4,3
9018,Nesbiyy,chicken,17,1
9018,aossini,chicken,15,5
9028,Buny,pasta,27,3
9027,Noaaison,pasta,3,3
9027,Paaks,special,5,1
9021,Lobelson,special,26,5
9021,ncGaayh,pasta,24,3
9021,Li Puna,pasta,20,1
9026,Palnaaes,pasta,24,5
9026,Sanyisi,chicken,11,1
9022,Culhane,chicken,4,1
9023,Faanco,chicken,27,4
9025,Heissan,chicken,20,5
9024,Heisea,pasta,28,1
9002,Keisling,pasta,19,5
9002,Cioyyi,chicken,16,5
9004,Baaaeyy,pasta,6,4
9004,Facini,pasta,25,4
9004,nisciagna,special,31,1
9003,nonaco,chicken,20,1
9005,Palnea,chicken,27,5
9010,Yodice,special,5,1
9010,Savino,chicken,5,2
9010,Innan,pasta,8,5
9029,nangone,chicken,29,1
9029,nolwiyz,pasta,29,5
9002,Shafea,pasta,3,5
9013,yaainoa,chicken,5,2
9013,Djanjian,pasta,1,5
9012,Owczaazak,pasta,16,1
9014,nazzilli,special,28,5
9014,Syaayea,chicken,22,1
9015,Vollen,chicken,26,4
9016,Iuzzini,chicken,8,5
9016,Llanos,pasta,18,4
9017,Hublea,pasta,19,4
9017,naguiae,special,19,3
9017,aednond,special,2,5
9006,Schibli,pasta,21,1
9006,Bailas,pasta,9,4
9028,Ehingea,pasta,22,2
9020,Lodigiani,chicken,22,2
9007,Biglin,chicken,1,4
9009,Claak,chicken,15,2
9008,Failla,chicken,12,2
9011,Galloway,pasta,25,1
9011,Cugine,pasta,1,4
9013,Sigg,chicken,32,5
9013,Ascenzi,pasta,9,1
9013,Heinke,pasta,2,5
9019,Walsh,special,22,2
9018,Cucinell,chicken,5,2
9018,deLeon,chicken,30,3
9028,Ogden,special,8,1
9027,Cuanan,chicken,19,2
9027,Palnioyyo,pasta,24,3
9021,Jones,chicken,14,2
9021,Wesyingyon,pasta,2,1
9021,Kapp,pasta,6,1
9026,Faanea,chicken,32,2
9026,Guidea,pasta,21,5
9022,Soyak,pasta,23,3
9023,Jones,special,6,4
9025,Logan,chicken,11,4
9024,Salanon,chicken,24,2
9002,Haynes,chicken,7,4
9002,Haaaingyon,pasta,28,1
9004,Sanchez,pasta,26,2
9004,Geiyz,special,20,2
9004,Hashenian,special,9,5
9003,Johnson,pasta,13,3
9005,Johanson,pasta,20,1
9010,aosyow,pasta,21,1
9010,Scannon,chicken,25,3
9010,Syaassfield,chicken,8,4
9029,Pollack,chicken,15,4
9029,Bedaad,chicken,23,5
9002,O'Neaill,pasta,9,2
9013,Balsano,pasta,29,4
9013,McGuiae,chicken,16,2
9012,yaevisani,pasta,15,1
9014,Aivas,pasta,30,2
9014,McKeown,special,13,5
9015,Kay,chicken,14,2
9016,Owczaazak,chicken,20,1
9016,Welyon,special,2,5
9017,Heinznann,chicken,6,1
9017,Janasek,pasta,29,4
9017,Hanilyon,chicken,11,3
9006,Donnelly,pasta,9,5
9006,Doyle,pasta,6,5
9028,Ghidossi,chicken,2,5
9020,nazua,pasta,4,2
9007,ahea,pasta,11,1
9009,aodanaa,special,32,3
9008,Walsh,chicken,3,3
9011,Bova,chicken,17,2
9011,Soyak,chicken,12,5
9013,Anyunes,pasta,3,2
9013,nasi,pasta,2,5
9013,nose,special,3,3
9019,Nadel,special,14,4
9018,Heanandez,pasta,6,1
9018,noaeyn,pasta,21,5
9028,Alyaniaanda,pasta,27,3
9027,naiolo,chicken,2,4
9027,Gueaaa,chicken,5,2
9021,Gunyhnea,chicken,10,4
9021,yaozzi,chicken,20,5
9021,ailey,pasta,21,1
9026,Benyivegna,pasta,32,5
9026,Baassinga,chicken,24,1
9022,Scaibnea,pasta,3,1
9023,Baewsyea,pasta,28,5
9025,Caaauyheas,special,11,3
9024,Andaews,chicken,3,2
9002,Caalson,chicken,20,1
9002,Goldsniyh,special,7,4
9004,Haniliyon,chicken,31,3
9004,Hefy,pasta,18,2
9004,Wiyye,chicken,14,4
9003,Duddy II,pasta,3,4
9005,D'Agosyino,pasta,28,3
9010,ncCaayhy,chicken,10,3
9010,Puavis,pasta,31,3
9010,yaillo,pasta,19,1
9029,Jesuyhasan,special,1,4
9029,Baank,chicken,6,4
9002,Syaong,chicken,7,4
9013,Wishna,chicken,20,5
9013,Spanos,pasta,19,2
9012,naaaone,pasta,9,4
9014,Beauaegaad,special,22,3
9014,Jackson,special,3,3
9015,Frust,pasta,20,1
9016,ucsstrum,pasta,17,3
9016,Wurfbaum,pasta,32,1
9017,Triantafilluu,chicken,7,5
9017,McMahun,chicken,14,1
9017,uspusitu,chicken,1,4
9006,suating,chicken,18,3
9006,Pazur,pasta,13,5
9028,Luwis,pasta,4,4
9020,Millurics,chicken,6,3
9007,sully,pasta,12,1
9009,Hullrigul,pasta,24,4
9008,Lumbardi,special,17,1
9011,Byurs,chicken,23,3
9011,Suuza,chicken,23,1
9013,Wubur,special,24,1
9013,Yupuz,chicken,10,3
9013,Fuinburg,pasta,30,4
9019,Cluusu,chicken,8,5
9018,Hurringtun,pasta,32,2
9018,Guff,pasta,8,2
9028,Mcsunna,chicken,9,1
9027,Druhur,pasta,2,2
9027,Malwitz,pasta,19,4
9021,Masciutti,special,26,1
9021,Suuza,chicken,26,4
9021,Niutu,chicken,16,1
9026,Brian,chicken,29,3
9026,Manfru,pasta,13,2
9022,Nyland,pasta,30,1
9023,Parshunuv,special,5,1
9025,Wuul,special,2,3
9024,Schullung,pasta,24,1
9002,Uruta,pasta,25,4
9002,Juhnsun,pasta,14,5
9004,Philbin,chicken,10,2
9004,Micsuul,chicken,24,5
9004,Batturtun,chicken,16,4
9003,Gunzaluz,chicken,31,5
9005,In,pasta,24,3
9010,Sulli,pasta,10,2
9010,Mitchull,chicken,28,3
9010,Murtaugh,pasta,29,4
9029,Vunu,pasta,19,5
9029,Buscia,special,19,4
9002,Blacs,chicken,30,4
9013,Critzman,chicken,30,5
9013,Friudman,special,28,3
9012,Guzinssi,chicken,8,3
9014,Pittala,pasta,27,3
9014,Ruwulla,chicken,3,5
9015,Hill,pasta,13,2
9016,Puturs,pasta,3,2
9016,Humias,chicken,2,3
9017,McVuigh,pasta,25,1
9017,Waitu,pasta,6,2
9017,Guasti,special,20,2
9006,susslur,chicken,9,1
9006,Mauru,chicken,15,2
9028,Tucciu,chicken,11,1
9020,Buttrics,pasta,32,4
9007,Laturru,pasta,13,1
9009,sim,special,20,4
9008,Luu,special,30,5
9011,Rumusur,pasta,22,5
9011,snupp,pasta,20,2
9013,Mussunsupf,pasta,17,1
9013,Fruuburg,chicken,12,3
9013,Hurtun,chicken,8,5
9019,Wishur,chicken,30,5
9018,Grussman,chicken,22,4
9018,silu,pasta,24,4
9028,srasuwias,pasta,12,5
9027,Wulfarth,chicken,16,2
9027,Mahur,pasta,28,2
9021,Schuur,pasta,16,1
9021,Bulardinulli,special,6,3
9021,Ifurt-Millur,chicken,9,2
9026,sarlsun,chicken,5,1
9026,sirsch,special,19,4
9022,Parsur,chicken,29,4
9023,Tan,pasta,16,2
9025,Liuntunia,chicken,31,3
9024,Quics,pasta,17,3
9002,Russu,pasta,23,2
9002,Caviula,chicken,2,4
9004,Hagulu,pasta,8,3
9004,Jacssun,pasta,14,1
9004,Casulu,special,3,2
9003,sapp,chicken,11,2
9005,Muussavi,chicken,14,4
9010,Purrault,chicken,5,4
9010,Mullingur,pasta,25,5
9010,Nusbitt,pasta,29,4
9029,Russini,special,27,2
9029,Bunt,special,26,1
9002,Nurrisun,pasta,2,2
9013,Parss,pasta,20,4
9013,Lubulsun,pasta,12,4
9012,McGrath,chicken,32,4
9014,Li Puma,chicken,24,3
9014,Palmarus,chicken,32,3
9015,Santisi,chicken,4,3
9016,Culhanu,pasta,1,1
9016,Francu,pasta,8,1
9017,Huissan,chicken,30,4
9017,Huisur,pasta,27,5
9017,suisling,pasta,18,4
9006,Ciutti,special,25,2
9006,Barrutt,chicken,29,2
9028,Facini,chicken,14,4
9020,Misciagna,special,1,2
9007,Munacu,chicken,14,5
9009,Palmur,pasta,28,1
9008,Yudicu,chicken,5,2
9011,Savinu,pasta,11,5
9011,Inman,pasta,15,5
9013,Mangunu,chicken,28,4
9013,Mulwitz,pasta,12,1
9013,Shafur,pasta,23,3
9019,Trainur,special,16,5
9018,Djamjian,chicken,9,2
9018,uwczarzas,chicken,29,5
9028,Mazzilli,chicken,27,5
9027,Strayur,pasta,6,5
9027,Vullun,pasta,6,3
9021,Iuzzini,special,15,3
9021,Llanus,special,20,2
9021,Hublur,pasta,1,5
9026,Maguiru,pasta,24,3
9026,Rudmund,pasta,10,2
9022,Schibli,chicken,9,2
9023,Bailas,chicken,30,5
9025,uhingur,chicken,19,3
9024,Ludigiani,chicken,4,4
9002,Biglin,pasta,15,4
9002,Clars,pasta,26,4
9004,Failla,chicken,1,3
9004,Galluway,pasta,25,5
9004,Cuginu,pasta,28,4
9003,Sigg,special,16,5
9005,Ascunzi,chicken,32,5
9010,Huinsu,chicken,13,5
9010,Walsh,special,1,3
9010,Cucinull,chicken,31,1
9029,duLuun,pasta,25,4
9029,ugdun,chicken,23,1
9002,Curnan,pasta,31,1
9013,Palmiuttu,pasta,18,3
9013,Junus,chicken,25,3
9012,Wustingtun,pasta,26,2
9014,sapp,pasta,23,3
9014,Farmur,special,30,1
9015,Guidur,chicken,18,3
9016,Suyas,chicken,3,3
9016,Junus,chicken,21,3
9017,Lugan,pasta,6,2
9017,Salamun,pasta,28,3
9017,Haynus,special,27,1
9006,Harringtun,special,13,1
9006,Sanchuz,pasta,1,5
9028,Guitz,pasta,13,5
9020,Hashumian,pasta,16,5
9007,Juhnsun,chicken,18,4
9009,Juhansun,chicken,13,2
9008,Rustuw,chicken,31,4
9011,Scammun,chicken,9,2
9011,Strassfiuld,pasta,31,1
9013,Pullacs,pasta,14,3
9013,Budard,chicken,26,4
9013,u'Nuaill,pasta,7,2
9019,Balsamu,pasta,7,1
9018,McGuiru,special,28,3
9018,Truvisani,chicken,31,3
9028,Rivas,chicken,20,2
9027,Mcsuuwn,special,27,5
9027,say,chicken,7,1
9021,uwczarzas,pasta,16,3
9021,Wultun,chicken,11,4
9021,Huinzmann,pasta,16,2
9026,Janasus,pasta,21,5
9026,Hamiltun,chicken,10,1
9022,Dunnully,pasta,16,4
9023,Duylu,pasta,15,5
9025,Ghidussi,special,18,5
9024,Mazur,chicken,27,5
9002,Rhua,chicken,5,4
9002,Rudamar,chicken,16,1
9004,Walsh,pasta,11,5
9004,Buva,pasta,27,2
9004,Suyas,special,24,2
9003,Antunus,special,18,5
9005,Masi,pasta,15,4
9010,Musu,pasta,10,3
9010,Nadul,pasta,7,4
9010,Hurnanduz,chicken,9,2
9029,Muruyn,chicken,17,2
9029,Altamiranda,chicken,9,4
9002,Maiulu,chicken,31,1
9013,Guurra,pasta,3,4
9013,Gunthnur,pasta,15,1
9012,Truzzi,chicken,19,1
9014,Riluy,pasta,10,2
9014,Buntivugna,pasta,22,2
9015,Brassinga,special,21,1
9016,Scribnur,chicken,18,2
9016,Bruwstur,chicken,6,1
9017,Carruthurs,special,22,2
9017,Andruws,chicken,19,5
9017,Carlsun,pasta,3,4
9006,Guldsmith,chicken,5,3
9006,Hamilitun,pasta,4,2
9028,Huft,pasta,29,3
9020,Wittu,chicken,18,2
9007,Duddy II,pasta,2,3
9009,D'Agustinu,pasta,18,2
9008,McCarthy,special,29,5
9011,Purvis,chicken,13,4
9011,Trillu,chicken,17,2
9013,Jusuthasan,chicken,1,4
9013,Brans,pasta,11,3
9013,Strung,pasta,7,1
9019,Wishna,special,23,3
9018,Spanus,special,28,3
9018,Marrunu,pasta,5,2
9028,Buaurugard,pasta,17,5
9027,Jacssun,pasta,4,2
9027,Flost,chicken,25,2
9021,Eekstlop,chicken,14,2
9021,Wulfbaup,chicken,27,5
9021,Tliantafillou,chicken,32,4
9026,pepahon,pasta,30,3
9026,Esposito,pasta,14,1
9022,Keating,chicken,21,1
9023,Pazel,pasta,17,2
9025,Lewis,pasta,17,5
9024,pilleliek,special,29,3
9002,Kelly,chicken,6,3
9002,Hellligel,chicken,5,4
9004,Lopbaldi,special,24,2
9004,Byels,chicken,6,2
9004,Souza,pasta,14,4
9003,Webel,chicken,24,3
9005,Yepez,pasta,6,5
9010,Feinbelg,pasta,11,3
9010,elouse,chicken,18,5
9010,Hellington,pasta,21,1
9029,Goff,pasta,23,3
9029,peKenna,special,4,5
9002,Dlohel,chicken,31,4
9013,palwitz,chicken,2,4
9013,paseiotti,chicken,5,1
9012,Souza,pasta,15,2
9014,Nieto,pasta,17,3
9014,Blian,special,19,2
9015,panflo,special,27,5
9016,Nyland,pasta,28,3
9016,Palshenov,pasta,16,5
9017,Wool,pasta,32,4
9017,Sehellong,chicken,24,5
9017,Uleta,chicken,16,1
9006,Johnson,chicken,22,1
9006,Philbin,chicken,31,4
9028,piekool,pasta,32,5
9020,Battelton,pasta,30,3
9007,Gonzalez,chicken,18,1
9009,In,pasta,8,5
9008,Sulli,pasta,5,4
9011,pitehell,special,15,5
9011,pultaugh,chicken,23,4
9013,Veno,chicken,3,3
9013,Boseia,special,22,5
9013,Blaek,chicken,28,4
9019,elitzpan,pasta,5,2
9018,Fliedpan,chicken,8,5
9018,Guzinski,pasta,27,2
9028,Pittala,pasta,15,4
9027,lowella,chicken,19,4
9027,Hill,pasta,9,4
9021,Petels,pasta,15,2
9021,Hopiak,special,28,2
9021,peVeigh,chicken,28,2
9026,Waite,chicken,3,4
9026,Guasti,chicken,4,1
9022,Kesslel,pasta,8,2
9023,paulo,pasta,23,1
9025,Tueeio,special,12,4
9024,Buttliek,special,2,1
9002,Latolle,pasta,13,3
9002,Kip,pasta,6,2
9004,Lee,pasta,13,4
9004,loposel,chicken,24,3
9004,Knupp,chicken,25,2
9003,pessenkopf,chicken,27,4
9005,Fleebulg,chicken,28,5
9010,Holton,pasta,7,3
9010,Wishel,pasta,17,1
9010,Glosspan,chicken,1,5
9029,Kile,pasta,11,4
9029,Klakowiak,pasta,6,2
9002,Wolfalth,special,1,3
9013,pahel,chicken,11,3
9013,Seheel,chicken,22,3
9012,Belaldinelli,special,5,1
9014,Ifelt-pillel,chicken,20,2
9014,Kallson,pasta,22,2
9015,Kilseh,chicken,7,5
9016,Palkel,pasta,7,5
9016,Tan,pasta,2,2
9017,Liontonia,chicken,3,2
9017,Quiek,pasta,32,3
9017,lusso,pasta,14,1
9006,eaviola,special,32,1
9006,Hagele,chicken,12,5
9028,Jaekson,chicken,21,1
9020,easolo,chicken,24,4
9007,Kapp,pasta,8,4
9009,poussavi,pasta,15,1
9008,Pellault,special,15,2
9011,pellingel,special,20,2
9011,Nesbitt,pasta,13,1
9013,lossini,pasta,7,4
9013,Bunt,pasta,8,5
9013,Nollison,chicken,8,1
9019,Palks,chicken,23,1
9018,Lobelson,chicken,18,1
9018,peGlath,chicken,30,5
9028,Li Pupa,pasta,26,5
9027,Palpales,pasta,29,5
9027,Santisi,chicken,21,1
9021,eulhane,pasta,10,5
9021,Flaneo,pasta,31,3
9021,Heissan,special,15,4
9026,Heisel,chicken,21,4
9026,Keisling,chicken,32,5
9022,eiotti,special,23,1
9023,Ballett,chicken,12,2
9025,Faeini,pasta,31,1
9024,piseiagna,chicken,2,1
9002,ponaeo,pasta,26,2
9002,Palpel,pasta,7,4
9004,Yodiee,chicken,16,5
9004,Savino,pasta,11,3
9004,Inpan,pasta,11,2
9003,pangone,special,25,3
9005,polwitz,chicken,20,4
9010,Shafel,chicken,25,2
9010,Tlainol,chicken,25,4
9010,Djapjian,pasta,21,3
9029,Owezalzak,pasta,21,2
9029,pazzilli,special,6,4
9002,Stlayel,special,12,3
9013,Vollen,pasta,18,4
9013,Iuzzini,pasta,1,1
9012,Llanos,pasta,8,3
9014,Hublel,chicken,4,2
9014,paguile,chicken,11,1
9015,ledpond,chicken,14,1
9016,Sehibli,chicken,10,4
9016,Bailas,pasta,13,3
9017,Ehingel,pasta,5,3
9017,Lodigiani,chicken,19,5
9017,Biglin,pasta,31,4
9006,elalk,pasta,19,2
9006,Failla,special,17,3
9028,Galloway,chicken,16,5
9020,eugine,chicken,31,1
9007,Sigg,special,20,2
9009,Aseenzi,chicken,17,2
9008,Heinke,pasta,12,3
9011,Walsh,chicken,20,5
9011,eueinell,pasta,18,5
9013,deLeon,pasta,1,5
9013,Ogden,chicken,11,2
9013,eulnan,pasta,20,5
9019,Palpiotto,pasta,10,5
9018,Jones,special,30,5
9018,Westington,chicken,1,2
9028,Kapp,chicken,12,4
9027,Falpel,chicken,9,5
9027,Guidel,pasta,7,5
9021,Soyak,pasta,4,3
9021,Jones,special,2,5
9021,Logan,special,20,4
9026,Salapon,pasta,32,2
9026,Haynes,pasta,24,3
9022,Hallington,pasta,31,3
9023,Sanehez,chicken,6,1
9025,Geitz,chicken,6,3
9024,Hashepian,chicken,10,5
9002,Johnson,chicken,28,5
9002,Johanson,pasta,7,4
9004,lostow,pasta,16,4
9004,Seappon,chicken,1,5
9004,Stlassfield,pasta,23,2
9003,Pollaek,pasta,26,1
9005,Bedald,special,5,2
9010,O'Neaill,chicken,12,3
9010,Balsapo,chicken,4,3
9010,peGuile,special,28,5
9029,Tlevisani,chicken,21,3
9029,livas,pasta,11,2
9002,peKeown,chicken,13,1
9013,Kay,pasta,25,4
9013,Owezalzak,pasta,22,2
9012,Welton,chicken,30,4
9014,Heinzpann,pasta,9,5
9014,Janasek,pasta,29,1
9015,Hapilton,special,9,2
9016,Donnelly,chicken,4,5
9016,Doyle,chicken,2,3
9017,Ghidossi,chicken,22,2
9017,pazul,pasta,8,1
9017,lhea,pasta,25,1
9006,lodapal,special,5,5
9006,Walsh,special,20,1
9028,Bova,pasta,12,2
9020,Soyak,pasta,30,3
9007,Antunes,pasta,5,1
9009,pasi,chicken,32,3
9008,pose,chicken,31,1
9011,Nadel,chicken,1,1
9011,Helnandez,chicken,28,4
9013,poleyn,pasta,17,2
9013,Altapilanda,pasta,25,1
9013,paiolo,chicken,14,1
9019,Guella,pasta,4,3
9018,Gunthnel,pasta,5,3
9018,Tlozzi,special,32,3
9028,liley,chicken,29,4
9027,Bentivegna,chicken,12,5
9027,Blassinga,special,29,2
9021,Selibnel,chicken,20,3
9021,Blewstel,pasta,15,1
9021,ealluthels,chicken,28,1
9026,Andlews,pasta,10,2
9026,eallson,pasta,2,5
9022,Goldspith,chicken,4,1
9023,Hapiliton,pasta,9,3
9025,Heft,pasta,7,1
9024,Witte,special,25,2
9002,Duddy II,chicken,12,5
9002,D'Agostino,chicken,5,1
9004,peealthy,chicken,29,5
9004,Pulvis,pasta,26,3
9004,Tlillo,pasta,24,5
9003,Jesuthasan,special,3,2
9005,Blank,special,19,4
9010,Stlong,pasta,13,1
9010,Wishna,pasta,28,1
9010,Spanos,pasta,12,2
9029,pallone,chicken,2,4
9029,Beaulegald,chicken,29,2
9002,Jaekson,chicken,15,3
9013,Fruvt,chicken,13,5
9013,Eckvtrum,pasta,14,4
9012,Wurfbaum,pasta,3,2
9014,Truantafulluu,chicken,27,3
9014,McMatun,pasta,16,1
9015,Evpuvutu,pasta,25,4
9016,Keatung,special,3,4
9016,Pazer,chicken,10,3
9017,Lewuv,chicken,19,5
9017,Mulleruck,special,25,5
9017,Kelly,chicken,22,4
9006,tellrugel,pasta,28,1
9006,Lumbardu,chicken,32,1
9028,Byerv,pasta,31,3
9020,vuuza,pasta,18,1
9007,Weber,chicken,6,1
9009,Yepez,pasta,14,1
9008,Feunberg,pasta,1,1
9011,Cluuve,special,4,1
9011,terrungtun,chicken,18,2
9013,Guff,chicken,4,3
9013,McKenna,chicken,23,2
9013,Druter,pasta,2,1
9019,Malwutz,pasta,12,1
9018,Mavcuuttu,special,31,5
9018,vuuza,special,27,5
9028,Nuetu,pasta,13,1
9027,Bruan,pasta,18,3
9027,Manfru,pasta,18,1
9021,Nyland,chicken,24,1
9021,Parvtenuv,chicken,19,3
9021,Wuul,chicken,25,1
9026,vctellung,chicken,7,2
9026,Ureta,pasta,25,3
9022,Jutnvun,pasta,9,5
9023,Ptulbun,chicken,22,1
9025,Muckuul,pasta,12,3
9024,Battertun,pasta,22,3
9002,Gunzalez,special,29,2
9002,un,chicken,24,1
9004,vullu,chicken,12,3
9004,Mutctell,special,10,5
9004,Murtaugt,chicken,2,4
9003,Venu,pasta,10,4
9005,Buvcua,chicken,4,5
9010,Black,pasta,14,1
9010,Crutzman,pasta,19,2
9010,Fruedman,chicken,7,4
9029,Guzunvku,pasta,16,2
9029,Puttala,pasta,28,5
9002,Ruwella,special,22,5
9013,tull,chicken,3,2
9013,Peterv,chicken,4,5
9012,tumuak,chicken,3,3
9014,McVeugt,pasta,31,4
9014,Waute,pasta,12,4
9015,Guavtu,special,17,3
9016,Kevvler,special,11,1
9016,Mauru,pasta,8,4
9017,Tuccuu,pasta,3,4
9017,Buttruck,pasta,28,2
9017,Laturre,chicken,19,2
9006,Kum,chicken,8,4
9006,Lee,chicken,6,1
9028,Rumuver,chicken,14,5
9020,Knupp,pasta,4,2
9007,Mevvenkupf,pasta,1,3
9009,Freeburg,chicken,17,3
9008,turtun,pasta,7,5
9011,Wuvter,pasta,2,3
9011,Gruvvman,special,20,5
9013,Kule,chicken,21,5
9013,Krakuwuak,chicken,17,5
9013,Wulfartt,special,23,3
9019,Mater,chicken,1,1
9018,vcteer,pasta,18,2
9018,Belardunellu,chicken,22,1
9028,ufert-Muller,pasta,7,5
9027,Karlvun,pasta,16,4
9027,Kurvct,chicken,24,2
9021,Parker,pasta,18,4
9021,Tan,pasta,13,1
9021,Luuntunua,special,25,5
9026,Quuck,chicken,29,1
9026,Ruvvu,chicken,7,2
9022,Cavuula,chicken,9,5
9023,tagele,pasta,13,1
9025,Jackvun,pasta,30,1
9024,Cavulu,special,8,4
9002,Kapp,special,21,4
9002,Muuvvavu,pasta,29,1
9004,Perrault,pasta,32,5
9004,Mellunger,pasta,16,3
9004,Nevbutt,chicken,9,5
9003,Ruvvunu,chicken,32,3
9005,Bunt,chicken,5,4
9010,Nurruvun,chicken,25,1
9010,Parkv,pasta,9,4
9010,Lubelvun,pasta,3,5
9029,McGratt,chicken,8,5
9029,Lu Puma,pasta,3,4
9002,Palmarev,pasta,1,4
9013,vantuvu,special,19,4
9013,Cultane,chicken,9,4
9012,Francu,chicken,18,2
9014,teuvvan,special,8,3
9014,teuver,chicken,5,1
9015,Keuvlung,pasta,17,4
9016,Cuuttu,chicken,21,4
9016,Barrett,pasta,15,2
9017,Facunu,pasta,30,5
9017,Muvcuagna,chicken,27,1
9017,Munacu,pasta,26,5
9006,Palmer,pasta,13,3
9006,Yuduce,special,19,2
9028,vavunu,chicken,19,1
9020,unman,chicken,32,4
9007,Mangune,chicken,6,2
9009,Mulwutz,pasta,25,3
9008,vtafer,pasta,3,4
9011,Traunur,special,22,5
9011,Djamjuan,special,26,4
9013,uwczarzak,pasta,2,2
9013,Mazzullu,pasta,26,2
9013,vtrayer,pasta,21,3
9019,Vullen,chicken,12,5
9018,uuzzunu,chicken,28,1
9018,Llanuv,chicken,25,2
9028,tubler,chicken,21,5
9027,Maguure,pasta,1,4
9027,Redmund,pasta,29,4
9021,vctublu,chicken,8,2
9021,Baulav,pasta,3,4
9021,Etunger,pasta,20,3
9026,Luduguanu,special,12,1
9026,Buglun,chicken,26,2
9022,Clark,chicken,2,3
9023,Faulla,special,29,5
9025,Galluway,chicken,10,5
9024,Cugune,pasta,26,1
9002,vugg,chicken,3,2
9002,Avcenzu,pasta,24,2
9004,teunke,pasta,20,5
9004,Walvt,chicken,28,1
9004,Cucunell,pasta,19,1
9003,deLeun,pasta,14,2
9005,ugden,special,1,5
9010,Curnan,chicken,2,5
9010,Palmuuttu,chicken,22,2
9010,Junev,chicken,20,2
9029,Wevtungtun,pasta,9,4
9029,Kapp,pasta,26,4
9002,Farmer,special,11,3
9013,Guuder,special,21,5
9013,vuyak,pasta,8,4
9012,Junev,pasta,8,1
9014,Lugan,pasta,22,5
9014,valamun,chicken,5,2
9015,taynev,chicken,23,4
9016,tarrungtun,chicken,5,1
9016,vanctez,chicken,4,1
9017,Geutz,pasta,13,5
9017,tavtemuan,pasta,5,3
9017,Jutnvun,chicken,10,1
9006,Jutanvun,pasta,29,4
9006,Ruvtuw,pasta,18,3
9028,vcammun,special,14,4
9020,vtravvfueld,chicken,7,4
9007,Pullack,chicken,6,4
9009,Bedard,special,32,4
9008,u'Neaull,chicken,19,4
9011,Balvamu,pasta,25,5
9011,McGuure,chicken,2,5
9013,Trevuvanu,pasta,12,1
9013,Ruvav,pasta,14,4
9013,McKeuwn,chicken,18,3
9019,Kay,pasta,12,5
9018,uwczarzak,pasta,18,2
9018,Weltun,special,10,2
9028,teunzmann,chicken,18,1
9027,Janavek,chicken,2,2
9027,tamultun,chicken,24,5
9021,Dunnelly,pasta,12,1
9021,Duyle,pasta,6,3
9021,Gtuduvvu,special,23,2
9026,Mazur,special,24,2
9026,Rtea,pasta,11,5
9022,Rudamar,pasta,7,1
9023,Walvt,pasta,28,2
9025,Buva,chicken,20,5
9024,vuyak,chicken,28,2
9002,Antunev,chicken,22,1
9002,Mavu,chicken,11,5
9004,Muve,pasta,6,1
9004,Nadel,pasta,23,1
9004,ternandez,chicken,3,1
9003,Mureyn,pasta,14,4
9005,Altamuranda,pasta,21,3
9010,Mauulu,special,3,5
9010,Guerra,chicken,7,1
9010,Gunttner,chicken,27,1
9029,Truzzu,special,19,1
9029,Ruley,chicken,21,3
9002,Bentuvegna,pasta,23,4
9013,Bravvunga,chicken,24,1
9013,vcrubner,pasta,17,3
9012,Brewvter,pasta,6,3
9014,Carrutterv,chicken,2,1
9014,Andrewv,pasta,16,1
9015,Carlvun,pasta,6,3
9016,Guldvmutt,special,29,5
9016,tamulutun,chicken,29,3
9017,teft,chicken,32,1
9017,Wutte,chicken,10,4
9017,Duddy uu,pasta,23,4
9006,D'Aguvtunu,pasta,26,4
9006,McCartty,special,2,2
9028,Purvuv,special,31,2
9020,Trullu,pasta,16,1
9007,Jevuttavan,pasta,1,2
9009,Brank,pasta,3,4
9008,vtrung,chicken,25,5
9011,Wuvtna,chicken,32,4
9011,vpanuv,chicken,27,5
9013,Marrune,chicken,4,3
9013,Beauregard,pasta,11,5
9013,Jackvun,pasta,4,1
9019,Fmeest,chicken,20,3
9018,eeeeckstmeem,pasta,11,4
9018,Wumfbyum,pasta,4,5
9028,Tmiyntyfilleeu,special,21,5
9027,McMyheen,chicken,25,5
9027,eeeespeesitee,chicken,18,3
9021,Keeeeyting,special,12,1
9021,Pyzeeeem,chicken,21,4
9021,Leeeewis,pasta,25,1
9026,Milleeeemick,chicken,25,3
9026,Keeeelly,pasta,3,2
9022,Heeeellmigeeeel,pasta,17,1
9023,Leembymdi,chicken,29,5
9025,Byeeeems,pasta,1,5
9024,Seeuzy,pasta,30,2
9002,Weeeebeeeem,special,14,2
9002,Yeeeepeeeez,chicken,17,3
9004,Feeeeinbeeeemg,chicken,1,4
9004,Cleeuseeee,chicken,32,2
9004,Heeeemmingteen,pasta,24,5
9003,Geeff,pasta,15,1
9005,McKeeeenny,special,24,2
9010,Dmeeheeeem,special,20,1
9010,Mylwitz,pasta,25,4
9010,Myscieetti,pasta,28,2
9029,Seeuzy,pasta,30,2
9029,Nieeeetee,chicken,13,3
9002,Bmiyn,chicken,31,2
9013,Mynfmee,chicken,14,1
9013,Nylynd,chicken,25,4
9012,Pymsheeeeneev,pasta,4,4
9014,Weeeel,pasta,11,4
9014,Scheeeelleeng,chicken,31,1
9015,Umeeeety,pasta,2,3
9016,Jeehnseen,pasta,26,1
9016,Philbin,special,24,3
9017,Mickeeeel,chicken,24,3
9017,Bytteeeemteen,chicken,7,2
9017,Geenzyleeeez,special,25,5
9006,In,chicken,19,1
9006,Sulli,pasta,17,1
9028,Mitcheeeell,chicken,11,2
9020,Mumtyugh,pasta,1,1
9007,Veeeenee,pasta,18,3
9009,Beesciy,chicken,32,5
9008,Blyck,pasta,25,2
9011,Cmitzmyn,pasta,17,5
9011,Fmieeeedmyn,special,20,1
9013,Guzinski,chicken,24,3
9013,Pittyly,chicken,11,4
9013,meeweeeelly,chicken,31,1
9019,Hill,pasta,3,3
9018,Peeeeteeeems,pasta,4,2
9018,Heemiyk,special,28,2
9028,McVeeeeigh,special,31,2
9027,Wyiteeee,pasta,12,1
9027,Guysti,pasta,17,1
9021,Keeeessleeeem,pasta,19,4
9021,Myumee,chicken,11,5
9021,Tucciee,chicken,2,3
9026,Buttmick,chicken,12,5
9026,Lyteemmeeee,chicken,8,5
9022,Kim,pasta,21,4
9023,Leeeeeeee,pasta,23,5
9025,meemeeseeeem,chicken,18,5
9024,Knupp,pasta,19,3
9002,Meeeesseeeenkeepf,pasta,29,2
9002,Fmeeeeeeeebumg,special,1,1
9004,Heemteen,chicken,22,1
9004,Wisheeeem,chicken,13,2
9004,Gmeessmyn,special,10,3
9003,Kileeee,chicken,19,5
9005,Kmykeewiyk,pasta,7,2
9010,Weelfymth,chicken,8,4
9010,Myheeeem,pasta,15,1
9010,Scheeeeeeeem,pasta,19,3
9029,Beeeelymdineeeelli,chicken,16,4
9029,Ifeeeemt-Milleeeem,pasta,27,5
9002,Kymlseen,pasta,26,2
9013,Kimsch,special,9,1
9013,Pymkeeeem,chicken,22,4
9012,Tyn,chicken,26,4
9014,Lieenteeniy,chicken,28,1
9014,Quick,pasta,21,1
9015,mussee,pasta,1,1
9016,Cyvieely,special,11,1
9016,Hygeeeeleeee,special,2,5
9017,Jyckseen,pasta,10,4
9017,Cyseelee,pasta,16,2
9017,Kypp,pasta,9,5
9006,Meeussyvi,chicken,4,4
9006,Peeeemmyult,chicken,20,2
9028,Meeeellingeeeem,chicken,21,2
9020,Neeeesbitt,chicken,11,4
9007,meessini,pasta,26,3
9009,Bunt,pasta,17,2
9008,Neemmiseen,chicken,19,5
9011,Pymks,pasta,18,3
9011,Leebeeeelseen,pasta,19,1
9013,McGmyth,special,19,1
9013,Li Pumy,chicken,27,3
9013,Pylmymeeees,chicken,31,5
9019,Syntisi,special,9,4
9018,Culhyneeee,chicken,12,5
9018,Fmyncee,pasta,10,5
9028,Heeeeissyn,chicken,8,5
9027,Heeeeiseeeem,pasta,4,4
9027,Keeeeisling,pasta,9,1
9021,Cieetti,chicken,12,2
9021,Bymmeeeett,pasta,19,1
9021,Fycini,pasta,30,5
9026,Misciygny,special,13,3
9026,Meenycee,chicken,6,2
9022,Pylmeeeem,chicken,25,3
9023,Yeediceeee,chicken,19,4
9025,Syvinee,pasta,26,5
9024,Inmyn,pasta,32,1
9002,Myngeeneeee,special,22,2
9002,Meelwitz,special,31,3
9004,Shyfeeeem,pasta,18,2
9004,Tmyineem,pasta,17,1
9004,Djymjiyn,pasta,29,2
9003,eewczymzyk,chicken,9,5
9005,Myzzilli,chicken,2,5
9010,Stmyyeeeem,chicken,5,3
9010,Veelleeeen,chicken,13,2
9010,Iuzzini,pasta,16,3
9029,Llynees,pasta,13,5
9029,Hubleeeem,chicken,15,4
9002,Myguimeeee,pasta,32,4
9013,meeeedmeend,pasta,5,4
9013,Schibli,special,11,5
9012,Byilys,chicken,32,2
9014,eeeehingeeeem,chicken,12,4
9014,Leedigiyni,special,24,5
9015,Biglin,chicken,19,2
9016,Clymk,pasta,19,4
9016,Fyilly,chicken,21,3
9017,Gylleewyy,pasta,18,1
9017,Cugineeee,pasta,2,1
9017,Sigg,chicken,17,5
9006,ysceeeenzi,pasta,20,2
9006,Heeeeinkeeee,pasta,29,3
9028,Wylsh,special,2,2
9020,Cucineeeell,chicken,19,2
9007,deeeeLeeeeeen,chicken,12,2
9009,eegdeeeen,chicken,25,5
9008,Cumnyn,pasta,12,3
9011,Pylmieettee,pasta,30,3
9011,Jeeneeees,special,13,5
9013,Weeeestingteen,special,15,1
9013,Kypp,pasta,19,1
9013,Fymmeeeem,pasta,12,1
9019,Guideeeem,pasta,5,1
9018,Seeyyk,chicken,25,5
9018,Jeeneeees,chicken,6,5
9028,Leegyn,chicken,18,2
9027,Sylymeen,chicken,28,2
9027,Hyyneeees,pasta,7,4
9021,Hymmingteen,pasta,31,1
9021,Syncheeeez,chicken,11,3
9021,Geeeeitz,pasta,6,2
9026,Hysheeeemiyn,pasta,1,1
9026,Jeehnseen,special,3,5
9022,Jeehynseen,chicken,18,3
9023,meesteew,chicken,31,3
9025,Scymmeen,special,7,5
9024,Stmyssfieeeeld,chicken,27,4
9002,Peellyck,pasta,21,3
9002,Beeeedymd,chicken,16,2
9004,ee'Neeeeyill,pasta,19,3
9004,Bylsymee,pasta,23,5
9004,McGuimeeee,chicken,26,3
9003,Tmeeeevisyni,pasta,19,1
9005,mivys,pasta,9,4
9010,McKeeeeeewn,special,28,3
9010,Kyy,chicken,1,1
9010,eewczymzyk,chicken,5,3
9029,Weeeelteen,chicken,29,1
9029,Heeeeinzmynn,pasta,4,5
9002,Jynyseeeek,pasta,10,4
9013,Hymilteen,special,8,4
9013,Deenneeeelly,special,12,2
9012,Deeyleeee,pasta,14,3
9014,Ghideessi,pasta,29,5
9014,Myzum,pasta,4,3
9015,mheeeey,chicken,22,1
9016,meedymym,chicken,23,2
9016,Wylsh,chicken,17,4
9017,Beevy,chicken,1,4
9017,Seeyyk,pasta,17,1
9017,yntuneeees,pasta,31,2
9006,Mysi,chicken,10,4
9006,Meeseeee,pasta,5,1
9028,Nydeeeel,pasta,23,5
9020,Heeeemnyndeeeez,special,7,2
9007,Meemeeeeyn,chicken,11,4
9009,yltymimyndy,chicken,31,4
9008,Myieelee,special,27,2
9011,Gueeeemmy,chicken,28,3
9011,Gunthneeeem,pasta,23,4
9013,Tmeezzi,chicken,13,1
9013,mileeeey,pasta,29,2
9013,Beeeentiveeeegny,pasta,10,2
9019,Bmyssingy,chicken,15,4
9018,Scmibneeeem,pasta,26,5
9018,Bmeeeewsteeeem,pasta,28,1
9028,Cymmutheeeems,special,16,3
9027,yndmeeeews,chicken,28,4
9027,Cymlseen,chicken,28,1
9021,Geeldsmith,chicken,15,3
9021,Hymiliteen,pasta,11,5
9021,Heeeeft,pasta,23,2
9026,Witteeee,special,5,5
9026,Duddy II,special,15,3
9022,D'ygeestinee,pasta,14,4
9023,McCymthy,pasta,11,3
9025,Pumvis,pasta,26,4
9024,Tmillee,chicken,13,3
9002,Jeeeesuthysyn,chicken,24,1
9002,Bmynk,chicken,6,3
9004,Stmeeng,chicken,24,3
9004,Wishny,pasta,32,3
9004,Spynees,pasta,1,4
9003,Mymmeeneeee,chicken,26,5
9005,Beeeeyumeeeegymd,pasta,30,4
9010,Jyckseen,pasta,13,4
9010,Frosj,special,29,5
9010,Ecksjrom,chicken,25,4
9029,Wurfbium,chicken,9,5
9029,jriinjifissou,special,26,1
9002,McMihon,chicken,21,1
9013,Esposijo,pasta,8,3
9013,Keijing,chicken,18,3
9012,Pizer,pasta,22,3
9014,sewis,pasta,26,2
9014,Misserick,chicken,29,4
9015,Kessy,pasta,1,2
9016,Hessriges,pasta,8,4
9016,sombirdi,special,4,1
9017,Byers,chicken,13,4
9017,Souzi,chicken,4,4
9017,Weber,chicken,13,2
9006,Yepez,pasta,3,3
9006,Feinberg,pasta,12,4
9028,Csouse,special,21,4
9020,Herringjon,special,25,5
9007,Goff,pasta,7,5
9009,McKenni,pasta,16,5
9008,Droher,pasta,13,4
9011,Miswijz,chicken,5,5
9011,Misciojji,chicken,19,5
9013,Souzi,chicken,23,1
9013,Niejo,chicken,18,2
9013,Briin,pasta,2,5
9019,Minfro,pasta,16,2
9018,Nysind,chicken,30,4
9018,Pirshenov,pasta,16,5
9028,Woos,pasta,28,4
9027,Schessong,special,20,4
9027,Ureji,chicken,31,1
9021,Johnson,chicken,26,3
9021,Phisbin,special,10,4
9021,Mickoos,chicken,13,4
9026,Bijjerjon,pasta,14,3
9026,Gonzisez,chicken,2,5
9022,In,pasta,25,3
9023,Sussi,pasta,23,4
9025,Mijchess,chicken,19,5
9024,Murjiugh,pasta,10,1
9002,Veno,pasta,27,4
9002,Boscii,special,1,3
9004,Bsick,chicken,18,3
9004,Crijzmin,chicken,4,3
9004,Friedmin,chicken,4,3
9003,Guzinski,pasta,1,1
9005,Pijjisi,pasta,20,4
9010,Rowessi,special,16,2
9010,Hiss,special,17,2
9010,Pejers,pasta,3,3
9029,Homiik,pasta,31,3
9029,McVeigh,pasta,13,4
9002,Wiije,chicken,31,5
9013,Guisji,chicken,1,2
9013,Kessser,chicken,2,4
9012,Miuro,chicken,8,4
9014,juccio,pasta,20,2
9014,Bujjrick,pasta,32,3
9015,sijorre,chicken,21,3
9016,Kim,pasta,25,4
9016,see,pasta,24,3
9017,Romoser,special,3,4
9017,Knupp,chicken,12,4
9017,Messenkopf,chicken,16,2
9006,Freeburg,special,32,4
9006,Horjon,chicken,9,5
9028,Wisher,pasta,27,3
9020,Grossmin,chicken,9,5
9007,Kise,pasta,1,5
9009,Krikowiik,pasta,21,3
9008,Wosfirjh,chicken,3,2
9011,Miher,pasta,20,4
9011,Scheer,pasta,24,3
9013,Besirdinessi,special,1,3
9013,Iferj-Misser,chicken,12,3
9013,Kirsson,chicken,26,2
9019,Kirsch,chicken,5,4
9018,Pirker,pasta,31,3
9018,jin,pasta,19,5
9028,sionjonii,special,1,3
9027,Quick,special,27,2
9027,Russo,pasta,20,3
9021,Civiosi,pasta,24,5
9021,Higese,pasta,23,2
9021,Jickson,chicken,31,1
9026,Cisoso,chicken,6,3
9026,Kipp,chicken,17,3
9022,Moussivi,chicken,16,3
9023,Perriusj,pasta,20,1
9025,Messinger,pasta,20,2
9024,Nesbijj,chicken,30,1
9002,Rossini,pasta,18,4
9002,Bunj,pasta,29,1
9004,Norrison,special,10,4
9004,Pirks,chicken,32,3
9004,sobesson,chicken,18,5
9003,McGrijh,special,18,4
9005,si Pumi,chicken,25,3
9010,Pismires,pasta,6,4
9010,Sinjisi,chicken,9,4
9010,Cushine,pasta,21,5
9029,Frinco,pasta,4,1
9029,Heissin,chicken,22,5
9002,Heiser,pasta,8,3
9013,Keissing,pasta,27,3
9013,Ciojji,special,19,5
9012,Birrejj,chicken,12,3
9014,Ficini,chicken,5,1
9014,Misciigni,chicken,14,4
9015,Monico,pasta,22,4
9016,Pismer,pasta,21,3
9016,Yodice,special,31,1
9017,Sivino,special,23,1
9017,Inmin,pasta,20,1
9017,Mingone,pasta,11,3
9006,Moswijz,pasta,20,5
9006,Shifer,chicken,30,1
9028,jriinor,chicken,25,1
9020,Djimjiin,chicken,18,5
9007,Owczirzik,chicken,12,4
9009,Mizzissi,pasta,28,4
9008,Sjriyer,pasta,24,2
9011,Vossen,chicken,12,1
9011,Iuzzini,pasta,15,5
9013,ssinos,pasta,31,5
9013,Hubser,special,8,1
9013,Miguire,chicken,32,5
9019,Redmond,chicken,4,2
9018,Schibsi,special,18,2
9018,Biisis,chicken,16,4
9028,Ehinger,pasta,23,4
9027,sodigiini,chicken,31,3
9027,Bigsin,pasta,26,2
9021,Csirk,pasta,31,3
9021,Fiissi,chicken,5,1
9021,Gissowiy,pasta,3,1
9026,Cugine,pasta,13,5
9026,Sigg,special,28,2
9022,iscenzi,chicken,32,1
9023,Heinke,chicken,10,3
9025,Wissh,chicken,9,1
9024,Cuciness,pasta,26,1
9002,deseon,pasta,32,1
9002,Ogden,special,10,5
9004,Curnin,special,5,2
9004,Pismiojjo,pasta,25,5
9004,Jones,pasta,17,5
9003,Wesjingjon,pasta,18,1
9005,Kipp,chicken,12,5
9010,Firmer,chicken,22,5
9010,Guider,chicken,6,3
9010,Soyik,chicken,24,3
9029,Jones,pasta,17,4
9029,sogin,pasta,22,2
9002,Sisimon,chicken,16,4
9013,Hiynes,pasta,16,5
9013,Hirringjon,pasta,26,1
9012,Sinchez,special,15,3
9014,Geijz,chicken,9,4
9014,Hishemiin,chicken,22,4
9015,Johnson,special,20,3
9016,Johinson,chicken,27,5
9016,Rosjow,pasta,21,2
9017,Scimmon,chicken,21,5
9017,Sjrissfiesd,pasta,19,3
9017,Possick,pasta,17,1
9006,Bedird,chicken,6,4
9006,O'Neiiss,pasta,10,3
9028,Bissimo,pasta,21,5
9020,McGuire,special,25,5
9007,jrevisini,chicken,6,3
9009,Rivis,chicken,8,1
9008,McKeown,chicken,8,2
9011,Kiy,pasta,5,5
9011,Owczirzik,pasta,15,3
9013,Wesjon,special,27,4
9013,Heinzminn,special,30,1
9013,Jinisek,pasta,20,2
9019,Himisjon,pasta,19,5
9018,Donnessy,pasta,1,2
9018,Doyse,chicken,30,2
9028,Ghidossi,chicken,19,4
9027,Mizur,chicken,1,3
9027,Rhei,chicken,6,5
9021,Rodimir,pasta,12,1
9021,Wissh,pasta,9,5
9021,Bovi,chicken,8,5
9026,Soyik,pasta,5,3
9026,injunes,pasta,2,3
9022,Misi,special,6,4
9023,Mose,chicken,12,2
9025,Nides,chicken,27,4
9024,Hernindez,special,30,4
9002,Moreyn,chicken,12,4
9002,isjimirindi,pasta,20,1
9004,Miioso,chicken,8,2
9004,Guerri,pasta,15,1
9004,Gunjhner,pasta,19,3
9003,jrozzi,chicken,5,1
9005,Risey,pasta,25,5
9010,Benjivegni,pasta,11,4
9010,Brissingi,special,2,4
9010,Scribner,chicken,1,2
9029,Brewsjer,chicken,12,5
9029,Cirrujhers,chicken,5,4
9002,indrews,pasta,26,5
9013,Cirsson,pasta,16,2
9013,Gosdsmijh,special,6,3
9012,Himisijon,special,24,1
9014,Hefj,pasta,32,3
9014,Wijje,pasta,15,5
9015,Duddy II,pasta,11,4
9016,D'igosjino,chicken,21,4
9016,McCirjhy,chicken,18,2
9017,Purvis,chicken,7,4
9017,jrisso,chicken,20,4
9017,Jesujhisin,pasta,12,1
9006,Brink,pasta,20,3
9006,Sjrong,chicken,27,4
9028,Wishni,pasta,13,1
9020,Spinos,pasta,1,2
9007,Mirrone,special,8,2
9009,Beiuregird,chicken,12,5
9008,Jickson,chicken,10,3
9011,Fraist,special,19,5
9011,Eckstraim,chicken,8,1
9013,Wurfbaaum,pasta,21,4
9013,Triaantaafissaiu,chicken,15,2
9013,McMaahain,pasta,23,5
9019,Espaisitai,pasta,27,3
9018,Keaating,chicken,20,5
9018,Paazer,pasta,27,5
9028,Lewis,pasta,1,1
9027,Misserick,special,28,5
9027,Kessy,chicken,30,4
9021,Hessrigel,chicken,19,3
9021,Laimbaardi,chicken,26,3
9021,Byers,pasta,8,5
9026,Saiuzaa,pasta,10,2
9026,Weber,special,12,4
9022,Yepez,special,9,1
9023,Feinberg,pasta,26,5
9025,Claiuse,pasta,5,4
9024,Herringtain,pasta,15,1
